id,type,sectionId,sectionName,webPublicationDate,webTitle,webUrl,apiUrl,isHosted,pillarId,pillarName
world/2025/mar/16/senator-sexual-harassment-claims-nigeria-natasha-akpoti-uduaghan,article,world,World news,2025-03-16T09:34:27Z,‘We are all Natasha’: senator’s sexual harassment claims roil Nigeria,https://www.theguardian.com/world/2025/mar/16/senator-sexual-harassment-claims-nigeria-natasha-akpoti-uduaghan,https://content.guardianapis.com/world/2025/mar/16/senator-sexual-harassment-claims-nigeria-natasha-akpoti-uduaghan,False,pillar/news,News
world/2025/feb/25/activists-call-state-emergency-gender-based-violence-nigeria,article,world,World news,2025-02-25T11:28:44Z,Activists call for state of emergency in Nigeria over gender-based violence,https://www.theguardian.com/world/2025/feb/25/activists-call-state-emergency-gender-based-violence-nigeria,https://content.guardianapis.com/world/2025/feb/25/activists-call-state-emergency-gender-based-violence-nigeria,False,pillar/news,News
world/2025/feb/16/nnamdi-kanu-brother-kingsley-british-citizen-held-nigeria,article,world,World news,2025-02-16T12:00:11Z,Brother of British national held in Nigeria says UK has ‘turned its back’,https://www.theguardian.com/world/2025/feb/16/nnamdi-kanu-brother-kingsley-british-citizen-held-nigeria,https://content.guardianapis.com/world/2025/feb/16/nnamdi-kanu-brother-kingsley-british-citizen-held-nigeria,False,pillar/news,News
world/2025/jan/25/united-airlines-nigeria-washington-dc,article,business,Business,2025-01-25T23:13:00Z,At least six people seriously injured on flight from Nigeria to Washington DC,https://www.theguardian.com/world/2025/jan/25/united-airlines-nigeria-washington-dc,https://content.guardianapis.com/world/2025/jan/25/united-airlines-nigeria-washington-dc,False,pillar/news,News
global-development/2025/jan/13/abortion-rights-nigeria-sexual-violence-women,article,global-development,Global development,2025-01-13T10:00:07Z,"‘I was crying, there was no anaesthesia’: the fight for legal and safe abortion in Nigeria",https://www.theguardian.com/global-development/2025/jan/13/abortion-rights-nigeria-sexual-violence-women,https://content.guardianapis.com/global-development/2025/jan/13/abortion-rights-nigeria-sexual-violence-women,False,pillar/news,News
global-development/2025/feb/05/flies-in-hospital-wards-may-be-spreading-drug-resistant-bacteria-to-patients,article,global-development,Global development,2025-02-05T10:00:34Z,Flies in hospital wards may be spreading drug-resistant bacteria to patients,https://www.theguardian.com/global-development/2025/feb/05/flies-in-hospital-wards-may-be-spreading-drug-resistant-bacteria-to-patients,https://content.guardianapis.com/global-development/2025/feb/05/flies-in-hospital-wards-may-be-spreading-drug-resistant-bacteria-to-patients,False,pillar/news,News
world/2025/feb/04/refuge-island-left-behind-by-lagos-economic-boom-nigeria,article,world,World news,2025-02-04T12:57:31Z,‘There is nothing here’: the island left behind by Lagos’s economic boom,https://www.theguardian.com/world/2025/feb/04/refuge-island-left-behind-by-lagos-economic-boom-nigeria,https://content.guardianapis.com/world/2025/feb/04/refuge-island-left-behind-by-lagos-economic-boom-nigeria,False,pillar/news,News
world/2025/feb/21/our-neighbours-are-daring-to-choose-fascism-again-germanys-election-leaves-many-fearing-what-lies-ahead,article,world,World news,2025-02-21T05:00:30Z,‘Our neighbours are daring to choose fascism again’: Germany’s election leaves many fearing what lies ahead,https://www.theguardian.com/world/2025/feb/21/our-neighbours-are-daring-to-choose-fascism-again-germanys-election-leaves-many-fearing-what-lies-ahead,https://content.guardianapis.com/world/2025/feb/21/our-neighbours-are-daring-to-choose-fascism-again-germanys-election-leaves-many-fearing-what-lies-ahead,False,pillar/news,News
global-development/2025/jan/29/new-nigerian-writers-othuke-ominiabohs-novels-masobe-books,article,global-development,Global development,2025-01-29T07:00:39Z,‘I was told books don’t sell here. I knew that wasn’t true’: the English teacher shaking up Nigeria’s publishing scene,https://www.theguardian.com/global-development/2025/jan/29/new-nigerian-writers-othuke-ominiabohs-novels-masobe-books,https://content.guardianapis.com/global-development/2025/jan/29/new-nigerian-writers-othuke-ominiabohs-novels-masobe-books,False,pillar/news,News
football/2025/jan/01/from-the-euros-to-canadas-new-league-womens-football-in-2025,article,football,Football,2025-01-01T12:55:21Z,Moving the Goalposts | From the Euros to Canada’s new league: women’s football in 2025,https://www.theguardian.com/football/2025/jan/01/from-the-euros-to-canadas-new-league-womens-football-in-2025,https://content.guardianapis.com/football/2025/jan/01/from-the-euros-to-canadas-new-league-womens-football-in-2025,False,pillar/sport,Sport
news/2025/jan/23/innit-innit-boys-and-super-eagles-how-nigerian-londoners-found-their-identity-through-football,article,news,News,2025-01-23T05:00:35Z,Innit innit boys and Super Eagles: how Nigerian Londoners found their identity through football,https://www.theguardian.com/news/2025/jan/23/innit-innit-boys-and-super-eagles-how-nigerian-londoners-found-their-identity-through-football,https://content.guardianapis.com/news/2025/jan/23/innit-innit-boys-and-super-eagles-how-nigerian-londoners-found-their-identity-through-football,False,pillar/news,News
global-development/2025/jan/10/anti-gay-law-nigerian-novelist-book-chukwuebuka-ibeh-blessings-chimamanda-ngozi-adichie,article,global-development,Global development,2025-01-10T10:00:31Z,‘To confront the anti-gay law is to trouble waters’: the young Nigerian novelist refusing to go by the book,https://www.theguardian.com/global-development/2025/jan/10/anti-gay-law-nigerian-novelist-book-chukwuebuka-ibeh-blessings-chimamanda-ngozi-adichie,https://content.guardianapis.com/global-development/2025/jan/10/anti-gay-law-nigerian-novelist-book-chukwuebuka-ibeh-blessings-chimamanda-ngozi-adichie,False,pillar/news,News
global-development/2025/jan/03/getting-creative-youtube-tiktok-content-makers-in-africa-search-for-ways-to-make-it-pay,article,global-development,Global development,2025-01-03T09:00:50Z,Getting creative: African YouTubers and TikTokers search for ways to make it pay,https://www.theguardian.com/global-development/2025/jan/03/getting-creative-youtube-tiktok-content-makers-in-africa-search-for-ways-to-make-it-pay,https://content.guardianapis.com/global-development/2025/jan/03/getting-creative-youtube-tiktok-content-makers-in-africa-search-for-ways-to-make-it-pay,False,pillar/news,News
world/2025/mar/08/around-world-60-hours-nigerian-aims-travel-record-low-mobility-passport,article,world,World news,2025-03-08T07:00:15Z,Around the world in 60 hours: Nigerian aims to set travel record with ‘low-mobility’ passport,https://www.theguardian.com/world/2025/mar/08/around-world-60-hours-nigerian-aims-travel-record-low-mobility-passport,https://content.guardianapis.com/world/2025/mar/08/around-world-60-hours-nigerian-aims-travel-record-low-mobility-passport,False,pillar/news,News
books/2025/mar/19/where-to-start-with-chimamanda-ngozi-adichie,article,books,Books,2025-03-19T12:00:56Z,Where to start with: Chimamanda Ngozi Adichie,https://www.theguardian.com/books/2025/mar/19/where-to-start-with-chimamanda-ngozi-adichie,https://content.guardianapis.com/books/2025/mar/19/where-to-start-with-chimamanda-ngozi-adichie,False,pillar/arts,Arts
global-development/2025/jan/16/africa-celebrated-writers-hard-african-readers-books-tsitsi-dangarembga-chimamanda-ngozi-adichie-mubanga-kalimamukwento,article,global-development,Global development,2025-01-16T10:00:07Z,Africa has no shortage of celebrated writers – so why is it so hard for African readers to get hold of their books?,https://www.theguardian.com/global-development/2025/jan/16/africa-celebrated-writers-hard-african-readers-books-tsitsi-dangarembga-chimamanda-ngozi-adichie-mubanga-kalimamukwento,https://content.guardianapis.com/global-development/2025/jan/16/africa-celebrated-writers-hard-african-readers-books-tsitsi-dangarembga-chimamanda-ngozi-adichie-mubanga-kalimamukwento,False,pillar/news,News
politics/2025/feb/28/keir-starmer-carry-out-largest-cut-uk-overseas-aid-in-history,article,politics,Politics,2025-02-28T08:00:53Z,Keir Starmer to carry out largest cut to UK overseas aid in history,https://www.theguardian.com/politics/2025/feb/28/keir-starmer-carry-out-largest-cut-uk-overseas-aid-in-history,https://content.guardianapis.com/politics/2025/feb/28/keir-starmer-carry-out-largest-cut-uk-overseas-aid-in-history,False,pillar/news,News
society/2025/mar/21/post-brexit-reliance-on-nhs-staff-from-red-list-countries-is-unethical-streeting-says,article,society,Society,2025-03-21T05:00:49Z,"Post-Brexit reliance on NHS staff from ‘red list’ countries is unethical, Streeting says",https://www.theguardian.com/society/2025/mar/21/post-brexit-reliance-on-nhs-staff-from-red-list-countries-is-unethical-streeting-says,https://content.guardianapis.com/society/2025/mar/21/post-brexit-reliance-on-nhs-staff-from-red-list-countries-is-unethical-streeting-says,False,pillar/news,News
world/2025/mar/07/nigerian-king-faces-shell-london-high-court-decades-oil-spills,article,world,World news,2025-03-07T15:00:06Z,Nigerian king faces Shell in London high court over decades of oil spills,https://www.theguardian.com/world/2025/mar/07/nigerian-king-faces-shell-london-high-court-decades-oil-spills,https://content.guardianapis.com/world/2025/mar/07/nigerian-king-faces-shell-london-high-court-decades-oil-spills,False,pillar/news,News
world/2025/jan/29/black-brazilians-moving-to-benin-africa,article,world,World news,2025-01-29T10:00:44Z,‘Africa is where I’m from’: why some Black Brazilians are moving to Benin,https://www.theguardian.com/world/2025/jan/29/black-brazilians-moving-to-benin-africa,https://content.guardianapis.com/world/2025/jan/29/black-brazilians-moving-to-benin-africa,False,pillar/news,News
global-development/2025/mar/04/the-chimamanda-effect-nigerians-delight-at-first-novel-in-a-decade-from-their-beloved-daughter,article,global-development,Global development,2025-03-04T06:00:37Z,The Chimamanda effect: Nigerians’ delight at first novel in a decade from their beloved daughter,https://www.theguardian.com/global-development/2025/mar/04/the-chimamanda-effect-nigerians-delight-at-first-novel-in-a-decade-from-their-beloved-daughter,https://content.guardianapis.com/global-development/2025/mar/04/the-chimamanda-effect-nigerians-delight-at-first-novel-in-a-decade-from-their-beloved-daughter,False,pillar/news,News
books/2025/mar/02/dream-count-by-chimamanda-ngozi-adichie-review-candid-conversations-with-friends,article,books,Books,2025-03-02T07:00:02Z,Dream Count by Chimamanda Ngozi Adichie review – candid conversations with friends,https://www.theguardian.com/books/2025/mar/02/dream-count-by-chimamanda-ngozi-adichie-review-candid-conversations-with-friends,https://content.guardianapis.com/books/2025/mar/02/dream-count-by-chimamanda-ngozi-adichie-review-candid-conversations-with-friends,False,pillar/arts,Arts
commentisfree/2025/feb/15/europe-africa-slavery-reparations-donald-trump,article,commentisfree,Opinion,2025-02-15T07:00:31Z,"Thanks to Trump, it is now in Europe’s self-interest to compensate Africa for slavery | Liliane Umubyeyi",https://www.theguardian.com/commentisfree/2025/feb/15/europe-africa-slavery-reparations-donald-trump,https://content.guardianapis.com/commentisfree/2025/feb/15/europe-africa-slavery-reparations-donald-trump,False,pillar/opinion,Opinion
science/2025/mar/20/david-landon-obituary,article,science,Science,2025-03-20T19:45:41Z,David Landon obituary,https://www.theguardian.com/science/2025/mar/20/david-landon-obituary,https://content.guardianapis.com/science/2025/mar/20/david-landon-obituary,False,pillar/news,News
uk-news/2025/mar/20/children-teenagers-sextortion-uk-national-crime-agency-campaign,article,uk-news,UK news,2025-03-20T00:01:09Z,More than 110 child sextortion attempts reported each month to UK police forces,https://www.theguardian.com/uk-news/2025/mar/20/children-teenagers-sextortion-uk-national-crime-agency-campaign,https://content.guardianapis.com/uk-news/2025/mar/20/children-teenagers-sextortion-uk-national-crime-agency-campaign,False,pillar/news,News
books/2025/feb/26/paul-mccartney-wings-the-story-of-a-band-on-the-run-book,article,books,Books,2025-02-26T18:02:13Z,‘Madcap adventures’: Paul McCartney co-authors book about his time in Wings,https://www.theguardian.com/books/2025/feb/26/paul-mccartney-wings-the-story-of-a-band-on-the-run-book,https://content.guardianapis.com/books/2025/feb/26/paul-mccartney-wings-the-story-of-a-band-on-the-run-book,False,pillar/arts,Arts
education/2025/feb/03/caroline-reid-obituary,article,education,Education,2025-02-03T17:32:58Z,Caroline Reid obituary,https://www.theguardian.com/education/2025/feb/03/caroline-reid-obituary,https://content.guardianapis.com/education/2025/feb/03/caroline-reid-obituary,False,pillar/news,News
technology/2025/mar/09/internet-shutdowns-record-high-africa-2024-access-weaponised,article,technology,Technology,2025-03-09T09:00:49Z,Internet shutdowns at record high in Africa as access ‘weaponised’,https://www.theguardian.com/technology/2025/mar/09/internet-shutdowns-record-high-africa-2024-access-weaponised,https://content.guardianapis.com/technology/2025/mar/09/internet-shutdowns-record-high-africa-2024-access-weaponised,False,pillar/news,News
football/2025/feb/26/chido-awaziem-rapids-lafc-allegation,article,football,Football,2025-02-26T16:35:11Z,Rapids-LAFC game halted after derogatory term allegedly directed at Chido Awaziem,https://www.theguardian.com/football/2025/feb/26/chido-awaziem-rapids-lafc-allegation,https://content.guardianapis.com/football/2025/feb/26/chido-awaziem-rapids-lafc-allegation,False,pillar/sport,Sport
uk-news/2025/mar/09/children-in-uk-as-young-as-11-targeted-by-sextortion-criminals-data-reveals,article,uk-news,UK news,2025-03-09T18:00:00Z,"Children in UK as young as 11 targeted by sextortion criminals, data reveals",https://www.theguardian.com/uk-news/2025/mar/09/children-in-uk-as-young-as-11-targeted-by-sextortion-criminals-data-reveals,https://content.guardianapis.com/uk-news/2025/mar/09/children-in-uk-as-young-as-11-targeted-by-sextortion-criminals-data-reveals,False,pillar/news,News
global-development/2025/mar/10/drone-attacks-killing-hundreds-of-civilians-across-africa-says-report,article,global-development,Global development,2025-03-10T07:00:15Z,"Drone attacks killing hundreds of civilians across Africa, says report ",https://www.theguardian.com/global-development/2025/mar/10/drone-attacks-killing-hundreds-of-civilians-across-africa-says-report,https://content.guardianapis.com/global-development/2025/mar/10/drone-attacks-killing-hundreds-of-civilians-across-africa-says-report,False,pillar/news,News
commentisfree/2025/mar/21/the-guardian-view-on-climate-fiction-no-longer-the-stuff-of-sci-fi,article,commentisfree,Opinion,2025-03-21T17:50:12Z,The Guardian view on climate fiction: no longer the stuff of sci-fi | Editorial,https://www.theguardian.com/commentisfree/2025/mar/21/the-guardian-view-on-climate-fiction-no-longer-the-stuff-of-sci-fi,https://content.guardianapis.com/commentisfree/2025/mar/21/the-guardian-view-on-climate-fiction-no-longer-the-stuff-of-sci-fi,False,pillar/opinion,Opinion
world/2025/jan/09/chads-government-says-18-killed-during-foiled-attack-on-presidential-complex,article,world,World news,2025-01-09T13:14:24Z,Chad’s government says 19 killed during foiled attack on presidential complex,https://www.theguardian.com/world/2025/jan/09/chads-government-says-18-killed-during-foiled-attack-on-presidential-complex,https://content.guardianapis.com/world/2025/jan/09/chads-government-says-18-killed-during-foiled-attack-on-presidential-complex,False,pillar/news,News
football/2025/feb/03/football-transfer-deadline-day-rumours-mathys-tel-to-arsenal-joao-felix-to-milan,article,football,Football,2025-02-03T09:31:35Z,Football transfer deadline day rumours: Mathys Tel to north London? João Félix  to Milan?,https://www.theguardian.com/football/2025/feb/03/football-transfer-deadline-day-rumours-mathys-tel-to-arsenal-joao-felix-to-milan,https://content.guardianapis.com/football/2025/feb/03/football-transfer-deadline-day-rumours-mathys-tel-to-arsenal-joao-felix-to-milan,False,pillar/sport,Sport
books/2025/feb/21/ben-okri-is-a-tale-of-two-cities-the-greatest-english-novel-meet-me-in-a-pub-to-discuss,article,books,Books,2025-02-21T10:00:35Z,Ben Okri: ‘Is A Tale of Two Cities the greatest English novel? Meet me in a pub to discuss’,https://www.theguardian.com/books/2025/feb/21/ben-okri-is-a-tale-of-two-cities-the-greatest-english-novel-meet-me-in-a-pub-to-discuss,https://content.guardianapis.com/books/2025/feb/21/ben-okri-is-a-tale-of-two-cities-the-greatest-english-novel-meet-me-in-a-pub-to-discuss,False,pillar/arts,Arts
news/2025/jan/01/the-long-wave-met-gala-black-culture-2025-chimamanda-ngozie-adichie-michael-jackson,article,news,News,2025-01-01T12:17:37Z,"The Long Wave: From the Met Gala to Afcon, 2025 promises to be a bumper year",https://www.theguardian.com/news/2025/jan/01/the-long-wave-met-gala-black-culture-2025-chimamanda-ngozie-adichie-michael-jackson,https://content.guardianapis.com/news/2025/jan/01/the-long-wave-met-gala-black-culture-2025-chimamanda-ngozie-adichie-michael-jackson,False,pillar/news,News
society/2025/mar/06/female-doctors-outnumber-male-peers-in-uk-for-first-time,article,society,Society,2025-03-06T05:00:20Z,Female doctors outnumber male peers in UK for first time,https://www.theguardian.com/society/2025/mar/06/female-doctors-outnumber-male-peers-in-uk-for-first-time,https://content.guardianapis.com/society/2025/mar/06/female-doctors-outnumber-male-peers-in-uk-for-first-time,False,pillar/news,News
stage/2025/mar/19/like-seeing-an-old-friend-oyinkan-braithwaite-on-my-sister-the-serial-killer-becoming-a-ballet,article,stage,Stage,2025-03-19T08:11:54Z,"‘Like seeing an old friend’: Oyinkan Braithwaite on My Sister, the Serial Killer becoming a ballet",https://www.theguardian.com/stage/2025/mar/19/like-seeing-an-old-friend-oyinkan-braithwaite-on-my-sister-the-serial-killer-becoming-a-ballet,https://content.guardianapis.com/stage/2025/mar/19/like-seeing-an-old-friend-oyinkan-braithwaite-on-my-sister-the-serial-killer-becoming-a-ballet,False,pillar/arts,Arts
society/2025/mar/10/us-aid-cuts-tuberculosis-tb-untreatable-bug-drug-resistance-stop-tb-partnership-who,article,society,Society,2025-03-10T12:00:28Z,USAid cuts could create untreatable TB bug ‘resistant to everything we have’,https://www.theguardian.com/society/2025/mar/10/us-aid-cuts-tuberculosis-tb-untreatable-bug-drug-resistance-stop-tb-partnership-who,https://content.guardianapis.com/society/2025/mar/10/us-aid-cuts-tuberculosis-tb-untreatable-bug-drug-resistance-stop-tb-partnership-who,False,pillar/news,News
music/2025/feb/18/bashy-darkoo-and-odeal-top-winners-at-2025-mobo-awards,article,music,Music,2025-02-18T22:00:16Z,"Bashy, Darkoo and Odeal top winners at 2025 Mobo awards",https://www.theguardian.com/music/2025/feb/18/bashy-darkoo-and-odeal-top-winners-at-2025-mobo-awards,https://content.guardianapis.com/music/2025/feb/18/bashy-darkoo-and-odeal-top-winners-at-2025-mobo-awards,False,pillar/arts,Arts
books/2025/jan/06/what-were-reading-writers-and-readers-on-the-books-they-enjoyed-in-december,article,books,Books,2025-01-06T15:54:05Z,What we’re reading: writers and readers on the books they enjoyed in December,https://www.theguardian.com/books/2025/jan/06/what-were-reading-writers-and-readers-on-the-books-they-enjoyed-in-december,https://content.guardianapis.com/books/2025/jan/06/what-were-reading-writers-and-readers-on-the-books-they-enjoyed-in-december,False,pillar/arts,Arts
world/2025/mar/09/caribbean-africa-music-exchange,article,world,World news,2025-03-09T10:00:51Z,‘We are one people’: Soca stars including Machel Montano highlight Caribbean’s connection to Africa,https://www.theguardian.com/world/2025/mar/09/caribbean-africa-music-exchange,https://content.guardianapis.com/world/2025/mar/09/caribbean-africa-music-exchange,False,pillar/news,News
global-development/2025/jan/06/uk-cuts-health-aid-vulnerable-countries-recruiting-nurses-analysis-royal-college-nursing-research,article,global-development,Global development,2025-01-06T13:22:38Z,"UK cut health aid to vulnerable nations while hiring their nurses, research finds",https://www.theguardian.com/global-development/2025/jan/06/uk-cuts-health-aid-vulnerable-countries-recruiting-nurses-analysis-royal-college-nursing-research,https://content.guardianapis.com/global-development/2025/jan/06/uk-cuts-health-aid-vulnerable-countries-recruiting-nurses-analysis-royal-college-nursing-research,False,pillar/news,News
science/2025/mar/16/rocks-and-racism-how-geologists-created-and-perpetuated-a-narrative-of-prejudice,article,science,Science,2025-03-16T08:00:14Z,Rocks and racism? How geologists created and perpetuated a narrative of prejudice ,https://www.theguardian.com/science/2025/mar/16/rocks-and-racism-how-geologists-created-and-perpetuated-a-narrative-of-prejudice,https://content.guardianapis.com/science/2025/mar/16/rocks-and-racism-how-geologists-created-and-perpetuated-a-narrative-of-prejudice,False,pillar/news,News
world/2025/feb/19/ecuador-guayaquil-mural,article,world,World news,2025-02-19T11:30:30Z,‘Society makes us invisible’: Black Ecuadorians fight to defend their culture,https://www.theguardian.com/world/2025/feb/19/ecuador-guayaquil-mural,https://content.guardianapis.com/world/2025/feb/19/ecuador-guayaquil-mural,False,pillar/news,News
uk-news/2025/feb/11/migrant-workers-in-uk-to-fill-care-roles-charged-up-to-20000-in-fees,article,uk-news,UK news,2025-02-11T00:01:02Z,"Migrant workers in UK to fill care roles ‘charged up to £20,000’ in illegal fees",https://www.theguardian.com/uk-news/2025/feb/11/migrant-workers-in-uk-to-fill-care-roles-charged-up-to-20000-in-fees,https://content.guardianapis.com/uk-news/2025/feb/11/migrant-workers-in-uk-to-fill-care-roles-charged-up-to-20000-in-fees,False,pillar/news,News
global-development/2025/feb/24/female-african-artists-women-art-market-auction,article,global-development,Global development,2025-02-24T12:00:56Z,‘No longer on the margins’: how women are outperforming men in Africa’s art market,https://www.theguardian.com/global-development/2025/feb/24/female-african-artists-women-art-market-auction,https://content.guardianapis.com/global-development/2025/feb/24/female-african-artists-women-art-market-auction,False,pillar/news,News
world/2025/jan/12/return-looted-shipwreck-treasures-to-countries-of-origin-as-reparations-for-slavery-says-lawyer,article,world,World news,2025-01-12T12:00:31Z,"Return looted shipwreck treasures to countries of origin as reparations for slavery, says lawyer",https://www.theguardian.com/world/2025/jan/12/return-looted-shipwreck-treasures-to-countries-of-origin-as-reparations-for-slavery-says-lawyer,https://content.guardianapis.com/world/2025/jan/12/return-looted-shipwreck-treasures-to-countries-of-origin-as-reparations-for-slavery-says-lawyer,False,pillar/news,News
music/2025/mar/07/roy-ayers-obituary,article,music,Music,2025-03-07T15:27:52Z,Roy Ayers obituary,https://www.theguardian.com/music/2025/mar/07/roy-ayers-obituary,https://content.guardianapis.com/music/2025/mar/07/roy-ayers-obituary,False,pillar/arts,Arts
news/2025/jan/20/wealth-of-worlds-billionaires-grew-by-2tn-in-2024-report-finds,article,news,News,2025-01-20T08:36:23Z,"Wealth of world’s billionaires grew by $2tn in 2024, report finds",https://www.theguardian.com/news/2025/jan/20/wealth-of-worlds-billionaires-grew-by-2tn-in-2024-report-finds,https://content.guardianapis.com/news/2025/jan/20/wealth-of-worlds-billionaires-grew-by-2tn-in-2024-report-finds,False,pillar/news,News
environment/2025/jan/22/putricia-for-president-sydneys-blooming-corpse-flower-becomes-a-cult-hero-to-those-who-cant-smell-her,article,environment,Environment,2025-01-22T08:05:03Z,‘Putricia for president’: Sydney’s blooming corpse flower becomes a cult hero – to those who can’t smell her,https://www.theguardian.com/environment/2025/jan/22/putricia-for-president-sydneys-blooming-corpse-flower-becomes-a-cult-hero-to-those-who-cant-smell-her,https://content.guardianapis.com/environment/2025/jan/22/putricia-for-president-sydneys-blooming-corpse-flower-becomes-a-cult-hero-to-those-who-cant-smell-her,False,pillar/news,News
us-news/2025/feb/04/what-is-usaid-donald-trump-elon-musk-foreign-aid-freezes,article,us-news,US news,2025-02-04T02:02:20Z,What is USAid and why does Trump dislike it so much?,https://www.theguardian.com/us-news/2025/feb/04/what-is-usaid-donald-trump-elon-musk-foreign-aid-freezes,https://content.guardianapis.com/us-news/2025/feb/04/what-is-usaid-donald-trump-elon-musk-foreign-aid-freezes,False,pillar/news,News
music/2025/feb/06/olly-alexander-polari-review-hi-nrg-throwback-for-the-radio-2-crowd,article,music,Music,2025-02-06T12:00:49Z,Olly Alexander: Polari review | Alexis Petridis's album of the week,https://www.theguardian.com/music/2025/feb/06/olly-alexander-polari-review-hi-nrg-throwback-for-the-radio-2-crowd,https://content.guardianapis.com/music/2025/feb/06/olly-alexander-polari-review-hi-nrg-throwback-for-the-radio-2-crowd,False,pillar/arts,Arts
books/2025/feb/15/cancel-culture-we-should-stop-it-end-of-story-chimamanda-ngozi-adichie-on-backlash-writers-block-and-her-two-new-babies,article,books,Books,2025-02-15T07:00:31Z,"‘Cancel culture? We should stop it. End of story’: Chimamanda Ngozi Adichie on backlash, writer’s block – and her new baby twins",https://www.theguardian.com/books/2025/feb/15/cancel-culture-we-should-stop-it-end-of-story-chimamanda-ngozi-adichie-on-backlash-writers-block-and-her-two-new-babies,https://content.guardianapis.com/books/2025/feb/15/cancel-culture-we-should-stop-it-end-of-story-chimamanda-ngozi-adichie-on-backlash-writers-block-and-her-two-new-babies,False,pillar/arts,Arts
commentisfree/2025/mar/05/suella-braverman-englishness-race-issues-politics-britain-minorities,article,commentisfree,Opinion,2025-03-05T06:00:17Z,Dear Suella: I was born in London and raised in Oxfordshire. What do you reckon – can I be English? | Nels Abbey,https://www.theguardian.com/commentisfree/2025/mar/05/suella-braverman-englishness-race-issues-politics-britain-minorities,https://content.guardianapis.com/commentisfree/2025/mar/05/suella-braverman-englishness-race-issues-politics-britain-minorities,False,pillar/opinion,Opinion
science/2025/mar/18/martin-skirrow-obituary,article,science,Science,2025-03-18T17:00:50Z,Martin Skirrow obituary,https://www.theguardian.com/science/2025/mar/18/martin-skirrow-obituary,https://content.guardianapis.com/science/2025/mar/18/martin-skirrow-obituary,False,pillar/news,News
stage/2025/jan/07/wole-soyinka-death-and-the-kings-horseman-crucible-sheffield,article,stage,Stage,2025-01-07T13:09:29Z,Death and the King’s Horseman: the return of Wole Soyinka’s enduring mystery,https://www.theguardian.com/stage/2025/jan/07/wole-soyinka-death-and-the-kings-horseman-crucible-sheffield,https://content.guardianapis.com/stage/2025/jan/07/wole-soyinka-death-and-the-kings-horseman-crucible-sheffield,False,pillar/arts,Arts
us-news/2025/mar/10/first-thing-mark-carney-to-be-next-canada-pm,article,us-news,US news,2025-03-10T11:48:07Z,Mark Carney to be next Canada PM | First Thing,https://www.theguardian.com/us-news/2025/mar/10/first-thing-mark-carney-to-be-next-canada-pm,https://content.guardianapis.com/us-news/2025/mar/10/first-thing-mark-carney-to-be-next-canada-pm,False,pillar/news,News
tv-and-radio/2025/feb/03/boarders-series-two-review-the-lovable-teen-comedy-gets-even-more-impressive,article,tv-and-radio,Television & radio,2025-02-03T21:50:03Z,Boarders series two review – the lovable teen comedy gets even more impressive,https://www.theguardian.com/tv-and-radio/2025/feb/03/boarders-series-two-review-the-lovable-teen-comedy-gets-even-more-impressive,https://content.guardianapis.com/tv-and-radio/2025/feb/03/boarders-series-two-review-the-lovable-teen-comedy-gets-even-more-impressive,False,pillar/arts,Arts
world/2025/mar/05/brazil-harvard-african-rebels-skull-190-years,article,world,World news,2025-03-05T12:00:01Z,Brazil fights Harvard to reclaim African rebel’s skull after 190 years,https://www.theguardian.com/world/2025/mar/05/brazil-harvard-african-rebels-skull-190-years,https://content.guardianapis.com/world/2025/mar/05/brazil-harvard-african-rebels-skull-190-years,False,pillar/news,News
world/2025/feb/25/beatings-torture-and-electric-shocks-freed-scam-compound-workers-allege-horrific-abuse,article,world,World news,2025-02-25T03:45:20Z,"Beatings, torture and electric shocks: freed scam compound workers allege horrific abuse ",https://www.theguardian.com/world/2025/feb/25/beatings-torture-and-electric-shocks-freed-scam-compound-workers-allege-horrific-abuse,https://content.guardianapis.com/world/2025/feb/25/beatings-torture-and-electric-shocks-freed-scam-compound-workers-allege-horrific-abuse,False,pillar/news,News
us-news/2025/mar/17/hiv-aids-pepfar-christians-trump,article,us-news,US news,2025-03-17T10:00:23Z,US evangelical groups urge Trump to spare HIV/Aids program from aid cuts,https://www.theguardian.com/us-news/2025/mar/17/hiv-aids-pepfar-christians-trump,https://content.guardianapis.com/us-news/2025/mar/17/hiv-aids-pepfar-christians-trump,False,pillar/news,News
books/2025/feb/14/the-couples-who-found-love-in-bookshops-valentines-day,article,books,Books,2025-02-14T11:00:05Z,‘Let’s start a chapter of our own’: the couples who found love in bookshops,https://www.theguardian.com/books/2025/feb/14/the-couples-who-found-love-in-bookshops-valentines-day,https://content.guardianapis.com/books/2025/feb/14/the-couples-who-found-love-in-bookshops-valentines-day,False,pillar/arts,Arts
news/2025/mar/12/the-long-wave-ramadan-traditions-across-the-diaspora,article,news,News,2025-03-12T12:17:24Z,"The Long Wave: From aseeda to Vimto, Ramadan traditions across the diaspora",https://www.theguardian.com/news/2025/mar/12/the-long-wave-ramadan-traditions-across-the-diaspora,https://content.guardianapis.com/news/2025/mar/12/the-long-wave-ramadan-traditions-across-the-diaspora,False,pillar/news,News
us-news/2025/feb/06/trump-family-conflicts-of-interest,article,us-news,US news,2025-02-06T11:00:49Z,Which Trump family members and in-laws have conflicts of interest?,https://www.theguardian.com/us-news/2025/feb/06/trump-family-conflicts-of-interest,https://content.guardianapis.com/us-news/2025/feb/06/trump-family-conflicts-of-interest,False,pillar/news,News
football/2025/jan/15/ecuador-copa-america-femenina-moving-the-goalposts,article,football,Football,2025-01-15T11:50:06Z,Moving the Goalposts | ‘We’re witnessing extraordinary change’: Ecuador get ready for Copa América Femenina,https://www.theguardian.com/football/2025/jan/15/ecuador-copa-america-femenina-moving-the-goalposts,https://content.guardianapis.com/football/2025/jan/15/ecuador-copa-america-femenina-moving-the-goalposts,False,pillar/sport,Sport
global-development/2025/jan/28/charities-reeling-from-usaid-freeze-warn-of-life-or-death-effects,article,global-development,Global development,2025-01-28T13:04:14Z,Charities reeling from USAid freeze warn of ‘life or death’ effects,https://www.theguardian.com/global-development/2025/jan/28/charities-reeling-from-usaid-freeze-warn-of-life-or-death-effects,https://content.guardianapis.com/global-development/2025/jan/28/charities-reeling-from-usaid-freeze-warn-of-life-or-death-effects,False,pillar/news,News
law/2025/feb/07/international-criminal-court-condemns-trump-sanctions-on-its-staff,article,law,Law,2025-02-07T22:46:41Z,Dozens of countries speak out against Trump sanctions on ICC,https://www.theguardian.com/law/2025/feb/07/international-criminal-court-condemns-trump-sanctions-on-its-staff,https://content.guardianapis.com/law/2025/feb/07/international-criminal-court-condemns-trump-sanctions-on-its-staff,False,pillar/news,News
football/2025/mar/19/road-to-the-2026-world-cup-how-is-it-shaping-up-with-48-places-at-stake,article,football,Football,2025-03-19T10:00:54Z,Road to the 2026 World Cup: how is it shaping up with 48 places at stake?,https://www.theguardian.com/football/2025/mar/19/road-to-the-2026-world-cup-how-is-it-shaping-up-with-48-places-at-stake,https://content.guardianapis.com/football/2025/mar/19/road-to-the-2026-world-cup-how-is-it-shaping-up-with-48-places-at-stake,False,pillar/sport,Sport
global-development/2025/mar/18/global-health-trump-usaid-cuts-hiv-aids-2030-drugs-vaccine-research-africa,article,global-development,Global development,2025-03-18T11:09:26Z, ‘It’s back to drug rationing’: the end of HIV was in sight. Then came the cuts ,https://www.theguardian.com/global-development/2025/mar/18/global-health-trump-usaid-cuts-hiv-aids-2030-drugs-vaccine-research-africa,https://content.guardianapis.com/global-development/2025/mar/18/global-health-trump-usaid-cuts-hiv-aids-2030-drugs-vaccine-research-africa,False,pillar/news,News
commentisfree/2025/jan/07/british-politics-elon-musk-women-girls,article,commentisfree,Opinion,2025-01-07T14:11:26Z,"How low will British politics go? Ask Elon, master of the Muskoverse – he’ll decide | Marina Hyde",https://www.theguardian.com/commentisfree/2025/jan/07/british-politics-elon-musk-women-girls,https://content.guardianapis.com/commentisfree/2025/jan/07/british-politics-elon-musk-women-girls,False,pillar/opinion,Opinion
football/2025/mar/07/the-haaland-safari-bryne-celebrates-its-famous-son-in-norways-newest-tourist-attraction,article,football,Football,2025-03-07T20:00:02Z,The Haaland safari: Bryne celebrates its famous son in Norway’s newest tourist attraction,https://www.theguardian.com/football/2025/mar/07/the-haaland-safari-bryne-celebrates-its-famous-son-in-norways-newest-tourist-attraction,https://content.guardianapis.com/football/2025/mar/07/the-haaland-safari-bryne-celebrates-its-famous-son-in-norways-newest-tourist-attraction,False,pillar/sport,Sport
news/2025/mar/05/trinidad-and-tobago-carnival-celebrates-african-roots,article,news,News,2025-03-05T12:26:43Z,The Long Wave: Trinidad and Tobago carnival celebrates African roots,https://www.theguardian.com/news/2025/mar/05/trinidad-and-tobago-carnival-celebrates-african-roots,https://content.guardianapis.com/news/2025/mar/05/trinidad-and-tobago-carnival-celebrates-african-roots,False,pillar/news,News
society/2025/jan/05/a-glimpse-of-hope-how-observer-readers-are-helping-mend-broken-lives-in-war-torn-lands,article,society,Society,2025-01-05T08:00:13Z,‘A glimpse of hope’: how Observer readers are helping mend broken lives in war-torn lands,https://www.theguardian.com/society/2025/jan/05/a-glimpse-of-hope-how-observer-readers-are-helping-mend-broken-lives-in-war-torn-lands,https://content.guardianapis.com/society/2025/jan/05/a-glimpse-of-hope-how-observer-readers-are-helping-mend-broken-lives-in-war-torn-lands,False,pillar/news,News
news/2025/feb/05/heir-today-gone-tomorrow-why-more-countries-are-ditching-the-uk-monarchy,article,news,News,2025-02-05T12:17:16Z,The Long Wave: Why more countries are ditching the British monarchy,https://www.theguardian.com/news/2025/feb/05/heir-today-gone-tomorrow-why-more-countries-are-ditching-the-uk-monarchy,https://content.guardianapis.com/news/2025/feb/05/heir-today-gone-tomorrow-why-more-countries-are-ditching-the-uk-monarchy,False,pillar/news,News
music/2025/feb/03/from-drakes-humiliation-to-doechiis-breakthrough-the-talking-points-from-the-2025-grammys,article,music,Music,2025-02-03T14:27:50Z,From Drake’s humiliation to Doechii’s coronation: the talking points from the 2025 Grammys,https://www.theguardian.com/music/2025/feb/03/from-drakes-humiliation-to-doechiis-breakthrough-the-talking-points-from-the-2025-grammys,https://content.guardianapis.com/music/2025/feb/03/from-drakes-humiliation-to-doechiis-breakthrough-the-talking-points-from-the-2025-grammys,False,pillar/arts,Arts
news/2025/jan/28/the-wickedest-poet-caleb-femis-tender-ode-to-black-nightlife-in-london,article,news,News,2025-01-29T12:18:53Z,The Long Wave: Poet Caleb Femi’s tender ode to Black nightlife in London,https://www.theguardian.com/news/2025/jan/28/the-wickedest-poet-caleb-femis-tender-ode-to-black-nightlife-in-london,https://content.guardianapis.com/news/2025/jan/28/the-wickedest-poet-caleb-femis-tender-ode-to-black-nightlife-in-london,False,pillar/news,News
artanddesign/2025/mar/16/new-designers-to-look-out-for-in-2025-from-3d-printed-buildings-to-fuzzy-chairs-made-from-agave,article,artanddesign,Art and design,2025-03-16T14:00:19Z,New designers to look out for in 2025 – from 3D printed buildings to fuzzy chairs made from agave,https://www.theguardian.com/artanddesign/2025/mar/16/new-designers-to-look-out-for-in-2025-from-3d-printed-buildings-to-fuzzy-chairs-made-from-agave,https://content.guardianapis.com/artanddesign/2025/mar/16/new-designers-to-look-out-for-in-2025-from-3d-printed-buildings-to-fuzzy-chairs-made-from-agave,False,pillar/arts,Arts
stage/2025/jan/01/chills-chuckles-and-cate-blanchett-in-chekhov-the-best-theatre-dance-and-comedy-coming-in-2025,article,stage,Stage,2025-01-01T14:00:16Z,"Chills, chuckles and Cate Blanchett in Chekhov: the best theatre, dance and comedy coming in 2025",https://www.theguardian.com/stage/2025/jan/01/chills-chuckles-and-cate-blanchett-in-chekhov-the-best-theatre-dance-and-comedy-coming-in-2025,https://content.guardianapis.com/stage/2025/jan/01/chills-chuckles-and-cate-blanchett-in-chekhov-the-best-theatre-dance-and-comedy-coming-in-2025,False,pillar/arts,Arts
world/2025/jan/14/tuesday-briefing-what-ukraine-might-gain-from-its-north-korean-captives,article,world,World news,2025-01-14T06:48:28Z,Tuesday briefing: What Ukraine might gain from two North Korean captives,https://www.theguardian.com/world/2025/jan/14/tuesday-briefing-what-ukraine-might-gain-from-its-north-korean-captives,https://content.guardianapis.com/world/2025/jan/14/tuesday-briefing-what-ukraine-might-gain-from-its-north-korean-captives,False,pillar/news,News
football/live/2025/mar/14/wsl-clockwatch-everton-arsenal-liverpool-manchester-united-live,liveblog,football,Football,2025-03-14T21:40:55Z,"WSL clockwatch: Everton 1-3 Arsenal, Liverpool 3-1 Manchester United – as it happened",https://www.theguardian.com/football/live/2025/mar/14/wsl-clockwatch-everton-arsenal-liverpool-manchester-united-live,https://content.guardianapis.com/football/live/2025/mar/14/wsl-clockwatch-everton-arsenal-liverpool-manchester-united-live,False,pillar/sport,Sport
politics/live/2025/jan/22/keir-starmer-kemi-badenoch-knives-online-pmqs-uk-politics-live-news,liveblog,politics,Politics,2025-01-22T17:45:15Z,"Royal Navy ships mobilised to respond to Russian spy ship in North Sea, defence secretary tells MPs – as it happened",https://www.theguardian.com/politics/live/2025/jan/22/keir-starmer-kemi-badenoch-knives-online-pmqs-uk-politics-live-news,https://content.guardianapis.com/politics/live/2025/jan/22/keir-starmer-kemi-badenoch-knives-online-pmqs-uk-politics-live-news,False,pillar/news,News
football/live/2025/mar/03/nottingham-forest-v-ipswich-fa-cup-fifth-round-live,liveblog,football,Football,2025-03-03T22:44:05Z,Nottingham Forest 1-1 Ipswich (5-4 pens): FA Cup fifth round – as it happened,https://www.theguardian.com/football/live/2025/mar/03/nottingham-forest-v-ipswich-fa-cup-fifth-round-live,https://content.guardianapis.com/football/live/2025/mar/03/nottingham-forest-v-ipswich-fa-cup-fifth-round-live,False,pillar/sport,Sport
artanddesign/2025/feb/01/strange-surreal-and-sexy-31-images-that-changed-the-way-we-see-our-bodies,article,artanddesign,Art and design,2025-02-01T07:00:36Z,"Strange, surreal and sexy: 31 images that changed the way we see our bodies",https://www.theguardian.com/artanddesign/2025/feb/01/strange-surreal-and-sexy-31-images-that-changed-the-way-we-see-our-bodies,https://content.guardianapis.com/artanddesign/2025/feb/01/strange-surreal-and-sexy-31-images-that-changed-the-way-we-see-our-bodies,False,pillar/arts,Arts
us-news/live/2025/jan/09/us-politics-jimmy-carter-funeral-donald-trump-joe-biden-latest-updates,liveblog,us-news,US news,2025-01-09T21:03:31Z,Joe Biden hails Jimmy Carter’s character in eulogy at memorial service celebrating former president’s long life – as it happened,https://www.theguardian.com/us-news/live/2025/jan/09/us-politics-jimmy-carter-funeral-donald-trump-joe-biden-latest-updates,https://content.guardianapis.com/us-news/live/2025/jan/09/us-politics-jimmy-carter-funeral-donald-trump-joe-biden-latest-updates,False,pillar/news,News
football/live/2025/mar/21/weekend-countdown-england-albania-wembley-world-cup-qualifying,liveblog,football,Football,2025-03-21T17:29:57Z,"Rogers pushing for England start, Club León kicked out of Club World Cup: football – as it happened",https://www.theguardian.com/football/live/2025/mar/21/weekend-countdown-england-albania-wembley-world-cup-qualifying,https://content.guardianapis.com/football/live/2025/mar/21/weekend-countdown-england-albania-wembley-world-cup-qualifying,False,pillar/sport,Sport
world/live/2025/feb/10/middle-east-crisis-live-palestinians-complete-destruction-northern-gaza-latest-news,liveblog,world,World news,2025-02-10T20:02:07Z,Middle East crisis: Hamas official calls Trump’s latest Gaza remarks ‘absurd’ after delaying hostage releases – as it happened,https://www.theguardian.com/world/live/2025/feb/10/middle-east-crisis-live-palestinians-complete-destruction-northern-gaza-latest-news,https://content.guardianapis.com/world/live/2025/feb/10/middle-east-crisis-live-palestinians-complete-destruction-northern-gaza-latest-news,False,pillar/news,News
australia-news/live/2025/jan/26/news-live-invasion-day-australia-day-rallies-protests-indigenous-australians-heatwave-weather-anthony-albanese-peter-dutton,liveblog,australia-news,Australia news,2025-01-26T07:22:48Z,Dutton says Australians ‘shouldn’t be afraid’ to celebrate Australia Day – As it happened,https://www.theguardian.com/australia-news/live/2025/jan/26/news-live-invasion-day-australia-day-rallies-protests-indigenous-australians-heatwave-weather-anthony-albanese-peter-dutton,https://content.guardianapis.com/australia-news/live/2025/jan/26/news-live-invasion-day-australia-day-rallies-protests-indigenous-australians-heatwave-weather-anthony-albanese-peter-dutton,False,pillar/news,News
politics/live/2025/feb/06/kemi-badenoch-tory-staff-immigration-keir-starmer-uk-politics-live-news,liveblog,politics,Politics,2025-02-06T18:04:22Z,Bridget Phillipson accused of having ‘Marxist ideological dislike of academies’ by Tory-linked headteacher – as it happened,https://www.theguardian.com/politics/live/2025/feb/06/kemi-badenoch-tory-staff-immigration-keir-starmer-uk-politics-live-news,https://content.guardianapis.com/politics/live/2025/feb/06/kemi-badenoch-tory-staff-immigration-keir-starmer-uk-politics-live-news,False,pillar/news,News
football/live/2025/feb/03/transfer-deadline-day-rashford-tel-chilwell-disasi-live,liveblog,football,Football,2025-02-04T00:34:46Z,"Transfer deadline day: City sign González, Tel seals Spurs loan – as it happened",https://www.theguardian.com/football/live/2025/feb/03/transfer-deadline-day-rashford-tel-chilwell-disasi-live,https://content.guardianapis.com/football/live/2025/feb/03/transfer-deadline-day-rashford-tel-chilwell-disasi-live,False,pillar/sport,Sport
australia-news/live/2025/jan/21/australia-news-politics-live-rupert-murdoch-trump-president-anthony-albanese-peter-dutton-election-campaign,liveblog,australia-news,Australia news,2025-01-21T08:05:49Z,National cabinet meets over antisemitic attacks – as it happened,https://www.theguardian.com/australia-news/live/2025/jan/21/australia-news-politics-live-rupert-murdoch-trump-president-anthony-albanese-peter-dutton-election-campaign,https://content.guardianapis.com/australia-news/live/2025/jan/21/australia-news-politics-live-rupert-murdoch-trump-president-anthony-albanese-peter-dutton-election-campaign,False,pillar/news,News
us-news/live/2025/feb/04/donald-trump-tariffs-live-blog-news-updates-canada-trudeau-mexico-china,liveblog,us-news,US news,2025-02-05T03:49:42Z,Democrats and protesters rally outside treasury department to protest Elon Musk’s access to sensitive information – as it happened,https://www.theguardian.com/us-news/live/2025/feb/04/donald-trump-tariffs-live-blog-news-updates-canada-trudeau-mexico-china,https://content.guardianapis.com/us-news/live/2025/feb/04/donald-trump-tariffs-live-blog-news-updates-canada-trudeau-mexico-china,False,pillar/news,News
